Workbook

Sheet 1_CDI
A1: CDI - Serie SGS 12 (taxa % ao dia)
A2: Coluna auxiliar: equivalente mensal da taxa diaria, com 21 dias uteis. Formula dada pelo enunciado.
A4: Retorno medio mensal (%) | C4: =AVERAGE(C8:C928) -> 1.0298886
A5: Risco - desvio-padrao (%) | C5: =_xlfn.STDEV.S(C8:C928) -> 0.12000007
A7: Data | B7: Valor (% a.d.) | C7: Equivalente mensal (%)
A8: 02/01/2023 | B8: 0.050788 | C8: =((1+B8/100)^21-1)*100 -> 1.0719822
A9: 03/01/2023 | B9: 0.050788 | C9: =((1+B9/100)^21-1)*100 -> 1.0719822
A10: 04/01/2023 | B10: 0.050788 | C10: =((1+B10/100)^21-1)*100 -> 1.0719822
A11: 05/01/2023 | B11: 0.050788 | C11: =((1+B11/100)^21-1)*100 -> 1.0719822
A12: 06/01/2023 | B12: 0.050788 | C12: =((1+B12/100)^21-1)*100 -> 1.0719822
A13: 09/01/2023 | B13: 0.050788 | C13: =((1+B13/100)^21-1)*100 -> 1.0719822
A14: 10/01/2023 | B14: 0.050788 | C14: =((1+B14/100)^21-1)*100 -> 1.0719822
A15: 11/01/2023 | B15: 0.050788 | C15: =((1+B15/100)^21-1)*100 -> 1.0719822
A16: 12/01/2023 | B16: 0.050788 | C16: =((1+B16/100)^21-1)*100 -> 1.0719822
A17: 13/01/2023 | B17: 0.050788 | C17: =((1+B17/100)^21-1)*100 -> 1.0719822
A18: 16/01/2023 | B18: 0.050788 | C18: =((1+B18/100)^21-1)*100 -> 1.0719822
A19: 17/01/2023 | B19: 0.050788 | C19: =((1+B19/100)^21-1)*100 -> 1.0719822
... A928: 01/09/2026 | B928: 0.05166 | C928: =((1+B928/100)^21-1)*100 -> 1.0904828

Sheet 2_Selic
A1: Selic meta - Serie SGS 432 (taxa % ao ano)
A2: Coluna auxiliar: equivalente mensal da taxa anual. Base do retorno dos titulos prefixados.
A4: Retorno medio mensal (%) | C4: =AVERAGE(C8:C1347) -> 1.0374095
A5: Risco - desvio-padrao (%) | C5: =_xlfn.STDEV.S(C8:C1347) -> 0.11944757
A7: Data | B7: Valor (% a.a.) | C7: Equivalente mensal (%)
A8: 01/01/2023 | B8: 13.75 | C8: =((1+B8/100)^(1/12)-1)*100 -> 1.0793911
A9: 02/01/2023 | B9: 13.75 | C9: =((1+B9/100)^(1/12)-1)*100 -> 1.0793911
A10: 03/01/2023 | B10: 13.75 | C10: =((1+B10/100)^(1/12)-1)*100 -> 1.0793911
A11: 04/01/2023 | B11: 13.75 | C11: =((1+B11/100)^(1/12)-1)*100 -> 1.0793911
A12: 05/01/2023 | B12: 13.75 | C12: =((1+B12/100)^(1/12)-1)*100 -> 1.0793911
A13: 06/01/2023 | B13: 13.75 | C13: =((1+B13/100)^(1/12)-1)*100 -> 1.0793911
A14: 07/01/2023 | B14: 13.75 | C14: =((1+B14/100)^(1/12)-1)*100 -> 1.0793911
A15: 08/01/2023 | B15: 13.75 | C15: =((1+B15/100)^(1/12)-1)*100 -> 1.0793911
A16: 09/01/2023 | B16: 13.75 | C16: =((1+B16/100)^(1/12)-1)*100 -> 1.0793911
A17: 10/01/2023 | B17: 13.75 | C17: =((1+B17/100)^(1/12)-1)*100 -> 1.0793911
A18: 11/01/2023 | B18: 13.75 | C18: =((1+B18/100)^(1/12)-1)*100 -> 1.0793911
A19: 12/01/2023 | B19: 13.75 | C19: =((1+B19/100)^(1/12)-1)*100 -> 1.0793911
... A1347: 01/09/2026 | B1347: 14 | C1347: =((1+B1347/100)^(1/12)-1)*100 -> 1.0978852

Sheet 3_IPCA
A1: IPCA - Serie SGS 433 (variacao % mensal)
A2: Serie ja e mensal: nao precisa de coluna auxiliar. O retorno do IPCA+ soma o spread de 6% a.a.
A4: IPCA medio mensal (%) | C4: =AVERAGE(B8:B51) -> 0.37545455
A5: Spread mensal equiv. a 6% a.a. (%) | C5: =((1.06)^(1/12)-1)*100 -> 0.48675506 | E5: Risco - desvio-padrao do IPCA (%) | H5: =_xlfn.STDEV.S(B8:B51) -> 0.29672205
A6: Retorno IPCA+ = IPCA medio + spread (%) | C6: =C4+C5 -> 0.8622096
A7: Data | B7: Valor (% a.m.)
A8: 01/01/2023 | B8: 0.53
A9: 01/02/2023 | B9: 0.84
A10: 01/03/2023 | B10: 0.71
A11: 01/04/2023 | B11: 0.61
A12: 01/05/2023 | B12: 0.23
A13: 01/06/2023 | B13: -0.08
A14: 01/07/2023 | B14: 0.12
A15: 01/08/2023 | B15: 0.23
A16: 01/09/2023 | B16: 0.26
A17: 01/10/2023 | B17: 0.24
A18: 01/11/2023 | B18: 0.28
A19: 01/12/2023 | B19: 0.56
... A51: 01/08/2026 | B51: -0.32

Sheet 4_Dolar
A1: Dolar comercial - Serie SGS 1 (R$ por US$)
A2: Coluna auxiliar: variacao % diaria. Conversao para o mes: media x 21 e desvio-padrao x RAIZ(21).
A4: Variacao media DIARIA (%) | C4: =AVERAGE(C9:C928) -> -0.0015497769 | E4: Retorno mensal = media x 21 (%) | H4: =C4*21 -> -0.032545314
A5: Desvio-padrao DIARIO (%) | C5: =_xlfn.STDEV.S(C9:C928) -> 0.68091977 | E5: Risco mensal = dp x RAIZ(21) (%) | H5: =C5*SQRT(21) -> 3.1203664
A7: Data | B7: Valor (R$) | C7: Variacao diaria (%)
A8: 02/01/2023 | B8: 5.3436 | C8: -
A9: 03/01/2023 | B9: 5.3759 | C9: =(B9-B8)/B8*100 -> 0.60446141
A10: 04/01/2023 | B10: 5.4459 | C10: =(B10-B9)/B9*100 -> 1.3021076
A11: 05/01/2023 | B11: 5.4026 | C11: =(B11-B10)/B10*100 -> -0.79509356
A12: 06/01/2023 | B12: 5.2855 | C12: =(B12-B11)/B11*100 -> -2.1674749
A13: 09/01/2023 | B13: 5.2967 | C13: =(B13-B12)/B12*100 -> 0.21190048
A14: 10/01/2023 | B14: 5.2395 | C14: =(B14-B13)/B13*100 -> -1.0799177
A15: 11/01/2023 | B15: 5.202 | C15: =(B15-B14)/B14*100 -> -0.71571715
A16: 12/01/2023 | B16: 5.14 | C16: =(B16-B15)/B15*100 -> -1.1918493
A17: 13/01/2023 | B17: 5.1146 | C17: =(B17-B16)/B16*100 -> -0.49416342
A18: 16/01/2023 | B18: 5.1115 | C18: =(B18-B17)/B17*100 -> -0.0606108
A19: 17/01/2023 | B19: 5.1203 | C19: =(B19-B18)/B18*100 -> 0.17216081
A20: 18/01/2023 | B20: 5.0909 | C20: =(B20-B19)/B19*100 -> -0.57418511
... A928: 01/09/2026 | B928: 5.157 | C928: =(B928-B927)/B927*100 -> -0.47475683

Sheet 5_Parametros
A1: Parametros do modelo - os 8 numeros que alimentam a Programacao Linear
A4: Variavel | B4: Classe de ativo | C4: Retorno medio mensal (%) | D4: Risco - desvio-padrao (%) | E4: Origem
A5: x1 | B5: Fundos DI/CDI | C5: ='1_CDI'!C4 -> 1.0298886 | D5: ='1_CDI'!C5 -> 0.12000007 | E5: SGS 12 - taxa diaria elevada a 21
A6: x2 | B6: Titulos prefixados | C6: ='2_Selic'!C4 -> 1.0374095 | D6: ='2_Selic'!C5 -> 0.11944757 | E6: SGS 432 - meta Selic elevada a 1/12
A7: x3 | B7: Tesouro IPCA+ | C7: ='3_IPCA'!C6 -> 0.8622096 | D7: ='3_IPCA'!H5 -> 0.29672205 | E7: SGS 433 + spread de 6% a.a.
A8: x4 | B8: Fundos cambiais | C8: ='4_Dolar'!H4 -> -0.032545314 | D8: ='4_Dolar'!H5 -> 3.1203664 | E8: SGS 1 - variacao diaria x 21 e x RAIZ(21)
A11: Observacoes sobre os dados
A12: - As quatro abas foram conferidas: nenhuma data duplicada, nenhum valor ausente, nenhuma linha em branco.
A13: - CDI e Dolar tem 921 linhas (dias uteis); Selic tem 1.340 (dias corridos, a meta vale todo dia); IPCA tem 44 (mensal).
A14: - A diferenca de tamanho entre as series NAO e erro: decorre da frequencia de publicacao de cada indicador.
A15: - DESVPAD.A (STDEV.S) e o desvio-padrao AMOSTRAL, conforme a formula indicada no enunciado.
A16: - O periodo coberto vai de 01/01/2023 a 01/09/2026.

Sheet 6_Modelo
A1: Modelo de Programacao Linear - Apice Capital
A4: Capital total (R$) | C4: 10000000
A6: 1. VARIAVEIS DE DECISAO
B7: x1 - DI/CDI | C7: x2 - Prefixado | D7: x3 - IPCA+ | E7: x4 - Cambial | F7: Soma
A8: Fracao do capital | B8: 0.45 | C8: 0.4 | D8: 0.1 | E8: 0.05 | F8: =SUM(B8:E8) -> 1
A9: Valor alocado (R$) | B9: =B8*$C$4 -> 4500000 | C9: =C8*$C$4 -> 4000000 | D9: =D8*$C$4 -> 1000000 | E9: =E8*$C$4 -> 500000
A11: 2. FUNCAO OBJETIVO
B12: x1 | C12: x2 | D12: x3 | E12: x4
A13: Retorno mensal (%) | B13: ='5_Parametros'!C5 -> 1.0298886 | C13: ='5_Parametros'!C6 -> 1.0374095 | D13: ='5_Parametros'!C7 -> 0.8622096 | E13: ='5_Parametros'!C8 -> -0.032545314
A15: Z - retorno da carteira (% ao mes) | C15: =SUMPRODUCT(B13:E13,$B$8:$E$8) -> 0.96300738
A16: Retorno mensal em reais (R$) | C16: =C15/100*C4 -> 96300.738
A18: 3. RESTRICOES
A19: Restricao | B19: x1 | C19: x2 | D19: x3 | E19: x4 | F19: Uso | G19: Sinal | H19: Limite | I19: Folga
A20: Alocacao total do capital | B20: 1 | C20: 1 | D20: 1 | E20: 1 | F20: 1 | G20: = | H20: 1 | I20: =H20-F20 -> 0
A21: Liquidez minima em DI/CDI | B21: 1 | C21: 0 | D21: 0 | E21: 0 | F21: =SUMPRODUCT(B21:E21,$B$8:$E$8) -> 0.45 | G21: >= | H21: 0.15 | I21: =H21-F21 -> -0.3
A22: Concentracao maxima Prefixado | B22: 0 | C22: 1 | D22: 0 | E22: 0 | F22: =SUMPRODUCT(B22:E22,$B$8:$E$8) -> 0.4 | G22: <= | H22: 0.4 | I22: =H22-F22 -> 0
A23: Protecao minima IPCA+ | B23: 0 | C23: 0 | D23: 1 | E23: 0 | F23: =SUMPRODUCT(B23:E23,$B$8:$E$8) -> 0.1 | G23: >= | H23: 0.1 | I23: =H23-F23 -> 0
A24: Hedge cambial minimo | B24: 0 | C24: 0 | D24: 0 | E24: 1 | F24: =SUMPRODUCT(B24:E24,$B$8:$E$8) -> 0.05 | G24: >= | H24: 0.05 | I24: =H24-F24 -> 0
A25: Hedge cambial maximo | B25: 0 | C25: 0 | D25: 0 | E25: 1 | F25: =SUMPRODUCT(B25:E25,$B$8:$E$8) -> 0.05 | G25: <= | H25: 0.15 | I25: =H25-F25 -> 0.1
A26: Orcamento de risco ponderado | B26: ='5_Parametros'!D5 -> 0.12000007 | C26: ='5_Parametros'!D6 -> 0.11944757 | D26: ='5_Parametros'!D7 -> 0.29672205 | E26: ='5_Parametros'!D8 -> 3.1203664 | F26: =SUMPRODUCT(B26:E26,$B$8:$E$8) -> 0.28746958 | G26: <= | H26: 0.35 | I26: =H26-F26 -> 0.062530415
